{
    "shape": [
        224,
        13
    ],
    "dtypes": {
        "filter_str": "object",
        "denamed": "object",
        "queryLength": "int64",
        "whereDetected": "int64",
        "regexDetected": "int64",
        "logicOperator": "int64",
        "MathOperator": "int64",
        "Size": "int64",
        "thisPointer": "int64",
        "matcherOption": "int64",
        "cpuNanos": "int64",
        "planningTimeMicros": "float64",
        "label": "float64"
    },
    "descriptive_stats": {
        "queryLength": {
            "count": 224.0,
            "mean": 46.776785714285715,
            "std": 19.571971274687538,
            "min": 2.0,
            "25%": 33.0,
            "50%": 43.0,
            "75%": 58.0,
            "max": 105.0
        },
        "whereDetected": {
            "count": 224.0,
            "mean": 0.017857142857142856,
            "std": 0.13272871669592198,
            "min": 0.0,
            "25%": 0.0,
            "50%": 0.0,
            "75%": 0.0,
            "max": 1.0
        },
        "regexDetected": {
            "count": 224.0,
            "mean": 0.18303571428571427,
            "std": 0.3875618609050523,
            "min": 0.0,
            "25%": 0.0,
            "50%": 0.0,
            "75%": 0.0,
            "max": 1.0
        },
        "logicOperator": {
            "count": 224.0,
            "mean": 0.3705357142857143,
            "std": 0.48402986841410556,
            "min": 0.0,
            "25%": 0.0,
            "50%": 0.0,
            "75%": 1.0,
            "max": 1.0
        },
        "MathOperator": {
            "count": 224.0,
            "mean": 0.05357142857142857,
            "std": 0.22567430455429927,
            "min": 0.0,
            "25%": 0.0,
            "50%": 0.0,
            "75%": 0.0,
            "max": 1.0
        },
        "Size": {
            "count": 224.0,
            "mean": 0.07142857142857142,
            "std": 0.25811617345807797,
            "min": 0.0,
            "25%": 0.0,
            "50%": 0.0,
            "75%": 0.0,
            "max": 1.0
        },
        "thisPointer": {
            "count": 224.0,
            "mean": 0.017857142857142856,
            "std": 0.13272871669592198,
            "min": 0.0,
            "25%": 0.0,
            "50%": 0.0,
            "75%": 0.0,
            "max": 1.0
        },
        "matcherOption": {
            "count": 224.0,
            "mean": 0.022321428571428572,
            "std": 0.14805757056778399,
            "min": 0.0,
            "25%": 0.0,
            "50%": 0.0,
            "75%": 0.0,
            "max": 1.0
        },
        "cpuNanos": {
            "count": 224.0,
            "mean": 99642.16964285714,
            "std": 44007.53286534998,
            "min": 49784.0,
            "25%": 71093.0,
            "50%": 88842.0,
            "75%": 114685.25,
            "max": 378420.0
        },
        "planningTimeMicros": {
            "count": 224.0,
            "mean": 63.125,
            "std": 46.78816396264675,
            "min": 27.0,
            "25%": 41.75,
            "50%": 55.5,
            "75%": 67.0,
            "max": 407.0
        },
        "label": {
            "count": 224.0,
            "mean": 0.4642857142857143,
            "std": 0.49983982059496046,
            "min": 0.0,
            "25%": 0.0,
            "50%": 0.0,
            "75%": 1.0,
            "max": 1.0
        }
    },
    "null_values": {
        "filter_str": 0,
        "denamed": 0,
        "queryLength": 0,
        "whereDetected": 0,
        "regexDetected": 0,
        "logicOperator": 0,
        "MathOperator": 0,
        "Size": 0,
        "thisPointer": 0,
        "matcherOption": 0,
        "cpuNanos": 0,
        "planningTimeMicros": 0,
        "label": 0
    }
}