,Logistic Regression,Random Forest,Support Vector Machine,K-Nearest Neighbors,Decision Tree,Naive Bayes,Overall Average Kappa,Peer Average Kappa
Logistic Regression,1.0,0.3799212598425197,0.5621621621621622,0.3310208126858275,0.10179640718562866,0.8125,0.5312334403126896,0.43748012837522754
Random Forest,0.3799212598425197,1.0,0.1658536585365854,0.600197433366239,0.7337278106508875,0.2941176470588236,0.5289696349091758,0.434763561891011
Support Vector Machine,0.5621621621621622,0.1658536585365854,1.0,0.09999999999999998,0.12307692307692297,0.7272727272727273,0.446394245174733,0.3356730942096796
K-Nearest Neighbors,0.3310208126858275,0.600197433366239,0.09999999999999998,1.0,0.42136498516320475,0.32835820895522383,0.46349024002841593,0.356188288034099
Decision Tree,0.10179640718562866,0.7337278106508875,0.12307692307692297,0.42136498516320475,1.0,0.09090909090909094,0.4118125361642891,0.29417504339714695
Naive Bayes,0.8125,0.2941176470588236,0.7272727272727273,0.32835820895522383,0.09090909090909094,1.0,0.542192945699311,0.4506315348391731
