,Logistic Regression,Random Forest,Support Vector Machine,K-Nearest Neighbors,Decision Tree,Naive Bayes,Overall Average Kappa,Peer Average Kappa
Logistic Regression,1.0,0.3310208126858275,0.5621621621621622,0.3310208126858275,0.10179640718562866,0.8125,0.5230833657865743,0.4277000389438892
Random Forest,0.3310208126858275,1.0,0.18999999999999995,0.5553359683794465,0.7774480712166172,0.32835820895522383,0.5303605102061859,0.436432612247423
Support Vector Machine,0.5621621621621622,0.18999999999999995,1.0,0.09999999999999998,0.12307692307692297,0.7272727272727273,0.45041863541863547,0.3405023625023625
K-Nearest Neighbors,0.3310208126858275,0.5553359683794465,0.09999999999999998,1.0,0.42136498516320475,0.32835820895522383,0.4560133291972838,0.34721599503674055
Decision Tree,0.10179640718562866,0.7774480712166172,0.12307692307692297,0.42136498516320475,1.0,0.09090909090909094,0.4190992462585774,0.3029190955102929
Naive Bayes,0.8125,0.32835820895522383,0.7272727272727273,0.32835820895522383,0.09090909090909094,1.0,0.5478997060153776,0.45747964721845313
