,Classifier,Accuracy,Precision,Recall,F1 Score,Kappa Score,Overall Average Kappa,Peer Average Kappa
0,Logistic Regression,0.6222222222222222,0.5789473684210527,0.55,0.5641025641025641,0.23115577889447236,0.5230833657865743,0.4277000389438892
1,Random Forest,0.7333333333333333,0.6818181818181818,0.75,0.7142857142857143,0.4653465346534653,0.5303605102061859,0.436432612247423
2,Support Vector Machine,0.6444444444444445,0.7,0.35,0.4666666666666667,0.2421052631578947,0.45041863541863547,0.3405023625023625
3,K-Nearest Neighbors,0.6,0.5454545454545454,0.6,0.5714285714285714,0.19801980198019797,0.4560133291972838,0.34721599503674055
4,Decision Tree,0.6666666666666666,0.6190476190476191,0.65,0.6341463414634146,0.32835820895522383,0.4190992462585774,0.3029190955102929
5,Naive Bayes,0.6666666666666666,0.6666666666666666,0.5,0.5714285714285714,0.3076923076923077,0.5478997060153776,0.45747964721845313
