,cpuNanos,planningTimeMicros
count,224.0,224.0
mean,99642.16964285714,63.125
std,44007.53286534998,46.78816396264675
min,49784.0,27.0
25%,71093.0,41.75
50%,88842.0,55.5
75%,114685.25,67.0
max,378420.0,407.0
