,Dataset,Model,Accuracy,Precision,Recall,F1
0,A1,xgboost,0.765,0.88,0.7154471544715447,0.789237668161435
1,A2,rf,0.615,0.88,0.5751633986928104,0.6956521739130435
2,B1,extra_tree,0.63,0.96,0.5783132530120482,0.7218045112781953
3,B2,extra_tree,0.6000000000000001,0.8,0.5714285714285715,0.6666666666666669
4,C,rf,0.63,0.76,0.6031746031746031,0.672566371681416
5,D1,extra_tree,0.655,0.76,0.628099173553719,0.6877828054298643
6,D2,extra_tree,0.625,0.8,0.5925925925925926,0.6808510638297872
