Dataset,Accuracy,Precision,Recall,F1 Score
A1,0.7018518518518518,0.6354199321590626,0.8250000000000001,0.7126543506774451
A2,0.6092592592592593,0.5655053036631984,0.5875,0.5718682650967631
B1,0.7166666666666667,0.6535483957850462,0.8166666666666668,0.7210981946444499
B2,0.6129629629629629,0.571779195463406,0.5708333333333333,0.5634882478632478
C,0.6296296296296297,0.5982577972709552,0.5708333333333334,0.5813090418353576
D1,0.7055555555555556,0.6349432549869228,0.8333333333333334,0.7163279550337848
D2,0.6518518518518518,0.6233990546490547,0.6166666666666667,0.6096077826201006
